/*
SQLyog Ultimate v12.09 (64 bit)
MySQL - 5.7.25 : Database - mindstorm-permission
*********************************************************************
*/

/*!40101 SET NAMES utf8 */;

/*!40101 SET SQL_MODE=''*/;

/*!40014 SET @OLD_UNIQUE_CHECKS=@@UNIQUE_CHECKS, UNIQUE_CHECKS=0 */;
/*!40014 SET @OLD_FOREIGN_KEY_CHECKS=@@FOREIGN_KEY_CHECKS, FOREIGN_KEY_CHECKS=0 */;
/*!40101 SET @OLD_SQL_MODE=@@SQL_MODE, SQL_MODE='NO_AUTO_VALUE_ON_ZERO' */;
/*!40111 SET @OLD_SQL_NOTES=@@SQL_NOTES, SQL_NOTES=0 */;
CREATE DATABASE /*!32312 IF NOT EXISTS*/`mindstorm-permission` /*!40100 DEFAULT CHARACTER SET utf8mb4 */;

USE `mindstorm-permission`;

/*Table structure for table `msp_menu` */

DROP TABLE IF EXISTS `msp_menu`;

CREATE TABLE `msp_menu` (
  `id` char(19) NOT NULL DEFAULT '' COMMENT '编号',
  `pid` char(19) NOT NULL DEFAULT '' COMMENT '所属上级',
  `name` varchar(20) NOT NULL DEFAULT '' COMMENT '名称',
  `alias` varchar(50) DEFAULT NULL COMMENT '菜单别名',
  `type` tinyint(4) NOT NULL COMMENT '类型(0:目录,1:菜单,2:按钮)',
  `permission_value` varchar(50) DEFAULT NULL COMMENT '权限标识',
  `path` varchar(100) DEFAULT NULL COMMENT '访问路径',
  `redirect` varchar(50) DEFAULT NULL COMMENT '重定向地址',
  `icon` varchar(50) DEFAULT NULL COMMENT '图标',
  `status` tinyint(4) DEFAULT NULL COMMENT '状态(0:禁止,1:正常)',
  `component` varchar(100) DEFAULT NULL COMMENT '组件路径',
  `gmt_create` datetime NOT NULL COMMENT '创建时间',
  `gmt_modified` datetime NOT NULL COMMENT '更新时间',
  `sort` int(11) DEFAULT NULL COMMENT '排序',
  PRIMARY KEY (`id`),
  KEY `idx_pid` (`pid`)
) ENGINE=InnoDB DEFAULT CHARSET=utf8mb4 COMMENT='权限';

/*Data for the table `msp_menu` */

insert  into `msp_menu`(`id`,`pid`,`name`,`alias`,`type`,`permission_value`,`path`,`redirect`,`icon`,`status`,`component`,`gmt_create`,`gmt_modified`,`sort`) values ('1395198727612125186','','权限管理','Permissions',0,'','/permission','/permission/roles','lock',1,'Layout','2021-05-20 02:04:33','2021-05-24 10:03:58',1),('1395198931514019842','1395198727612125186','角色管理','RoleList',1,'system:role:list','/permission/role/list','','',1,'permission/role/index','2021-05-20 02:05:21','2021-05-24 10:04:07',0),('1395199215187382273','1395198727612125186','菜单管理','MenuList',1,'system:menu:list','/permission/menu/list','','',1,'permission/menu/index','2021-05-20 02:06:29','2021-05-24 10:04:17',1),('1395200278971928578','','用户管理','Users',0,'','/user','/user/students','users',1,'Layout','2021-05-20 02:10:43','2021-05-24 10:05:13',2),('1395200495381237761','1395200278971928578','学生列表','StudentsList',1,'system:student:list','/user/students/list','','',1,'user/students/index','2021-05-20 02:11:34','2021-05-24 10:05:35',2),('1395336588046958594','1395200278971928578','教师列表','TeachersList',1,'system:teacher:list','/user/teachers/list','','',1,'user/teachers/index','2021-05-20 11:12:21','2021-05-24 10:05:30',0),('1395338865684054017','1395200278971928578','管理员列表','AdminsList',1,'system:admin:list','/user/admins/list','','',1,'user/admins/index','2021-05-20 11:21:24','2021-05-24 10:06:20',3),('1395339229804167169','','学科管理','Subjects',0,'','/admin/subject','/admin/subject/list','education',1,'Layout','2021-05-20 11:22:51','2021-05-23 11:28:03',3),('1395343959225831425','1395339229804167169','学科列表','SubjectList',1,'','/admin/subject/list','','',1,'subject/index','2021-05-20 11:41:39','2021-05-23 09:00:29',0),('1395344138192588801','1395339229804167169','学科创编','SubjectEdit',0,'','/admin/subject/edit','','',1,'subject/edit','2021-05-20 11:42:21','2021-05-23 09:00:34',1),('1395344782735478785','','知识点管理','Knowledge',0,'','/admin/knowledge','/admin/knowledge/list','star',1,'Layout','2021-05-20 11:44:55','2021-05-20 11:49:20',4),('1395346073599643649','1395344782735478785','知识点列表','KnowledgeList',1,'','/admin/knowledge/list','','',1,'knowledge/index','2021-05-20 11:50:03','2021-05-23 09:00:41',2),('1395346366483697665','1395344782735478785','知识点创编','KnowledgeEdit',1,'','/admin/knowledge/edit','','',1,'knowledge/edit','2021-05-20 11:51:13','2021-05-23 09:00:45',2),('1395372433692987394','','卷库管理','Papers',0,'','/admin/paper','/admin/paper/list','exam',1,'Layout','2021-05-20 13:34:48','2021-05-20 13:34:48',5),('1395372598801764353','1395372433692987394','试卷列表','PaperList',1,'','/admin/paper/list','','',1,'paper/index','2021-05-20 13:35:27','2021-05-23 09:00:51',1),('1395372721527099393','1395372433692987394','试卷创编','PaperEdit',1,'','/admin/paper/edit','','',1,'paper/edit','2021-05-20 13:35:56','2021-05-23 09:00:56',2),('1395373218287882241','','题库管理','Questions',0,'','/admin/question','/admin/question/list','component',1,'Layout','2021-05-20 13:37:55','2021-05-20 13:37:55',6),('1395373366229372930','1395373218287882241','题目列表','QuestionList',1,'','/admin/question/list','','',1,'question/index','2021-05-20 13:38:30','2021-05-23 09:01:02',1),('1395373496978411521','1395373218287882241','单选题创编','SingleChoice',1,'','/admin/question/edit/singleChoice','','',1,'question/edit/singleChoice','2021-05-20 13:39:01','2021-05-23 09:01:07',2),('1395373666927415297','1395373218287882241','多选题创编','MultipleChoice',1,'','/admin/question/edit/multipleChoice','','',1,'question/edit/multipleChoice','2021-05-20 13:39:42','2021-05-23 09:01:11',3),('1395373842379345922','1395373218287882241','判断题创编','TrueFalse',1,'','/admin/question/edit/trueFalse','','',1,'question/edit/trueFalse','2021-05-20 13:40:23','2021-05-23 09:01:20',4),('1395374210840563714','1395373218287882241','填空题创编','GapFilling',1,'','/admin/question/edit/gapFilling','','',1,'question/edit/gapFilling','2021-05-20 13:41:51','2021-05-23 09:01:25',5),('1395374379770351617','1395373218287882241','简答题创编','ShortAnswer',1,'','/admin/question/edit/shortAnswer','','',1,'question/edit/shortAnswer','2021-05-20 13:42:32','2021-05-23 09:01:29',6),('1395374679084273665','','任务管理','Tasks',0,'','/admin/task','/admin/task/list','task',1,'Layout','2021-05-20 13:43:43','2021-05-20 13:45:57',7),('1395374824102334465','1395374679084273665','任务列表','TaskList',1,'','/admin/task/list','','',1,'task/index','2021-05-20 13:44:18','2021-05-23 09:01:48',1),('1395374945825230849','1395374679084273665','任务创编','TaskEdit',1,'','/admin/task/edit','','',1,'task/edit','2021-05-20 13:44:47','2021-05-23 09:01:53',2),('1395375204798337025','','视频管理','Videos',0,'','/admin/video','/admin/video/list','example',1,'Layout','2021-05-20 13:45:48','2021-05-20 13:45:48',8),('1395375583095197697','1395375204798337025','视频列表','VideoList',1,'','/admin/video/list','','',1,'video/index','2021-05-20 13:47:18','2021-05-23 09:02:02',1),('1395375691635396610','1395375204798337025','视频创编','VideoEdit',1,'','/admin/video/edit','','',1,'video/edit','2021-05-20 13:47:44','2021-05-23 09:02:07',2),('1395376026617679873','','答卷管理','Answer',0,'','/admin/answer','/admin/answer/list','answer',1,'Layout','2021-05-20 13:49:04','2021-05-20 13:49:04',9),('1395376269002313730','1395376026617679873','批改列表','JudgeList',1,'','/admin/answer/judgeList','','',1,'answer/judgeList','2021-05-20 13:50:02','2021-05-23 09:02:16',1),('1395376397687754754','1395376026617679873','批改完成列表','CompleteList',1,'','/admin/answer/completeList','','',1,'answer/completeList','2021-05-20 13:50:33','2021-05-23 09:02:20',2),('1395376637144764417','','消息中心','Messages',0,'','/admin/message','/admin/message/list','message',1,'Layout','2021-05-20 13:51:30','2021-05-20 13:51:30',10),('1395376813481693185','1395376637144764417','消息列表','MessageList',1,'','/admin/message/list','','',1,'message/index','2021-05-20 13:52:12','2021-05-23 09:02:27',1),('1395376931924643841','1395376637144764417','消息发送','MessageSend',1,'','/admin/message/send','','',1,'message/send','2021-05-20 13:52:40','2021-05-23 09:02:31',2),('1395377249609617410','','日志中心','Logs',0,'','/admin/log','/admin/log/user/list','log',1,'Layout','2021-05-20 13:53:56','2021-05-21 11:02:37',11),('1395377449912799233','1395377249609617410','用户日志','UserLogList',1,'','/admin/log/user/list','','',1,'log/user/index','2021-05-20 13:54:44','2021-05-23 09:02:39',1),('1395377589457293314','1395377249609617410','系统日志','SysLogList',1,'','/admin/log/sys/list','','',1,'log/system/index','2021-05-20 13:55:17','2021-05-23 09:02:43',2),('1396424936618491906','1395198931514019842','角色添加','',2,'system:role:add','','','',1,'','2021-05-23 11:17:04','2021-05-23 11:17:04',1),('1396425046786080769','1395198931514019842','角色删除','',2,'system:role:delete','','','',1,'','2021-05-23 11:17:30','2021-05-23 11:17:30',2),('1396425291972509698','1395198931514019842','角色修改','',2,'system:role:update','','','',1,'','2021-05-23 11:18:29','2021-05-23 11:18:29',3),('1396425381437014018','1395198931514019842','分配菜单','',2,'system:role:distribute','','','',1,'','2021-05-23 11:18:50','2021-05-23 11:18:50',4),('1396425692906029058','1395198931514019842','角色禁用','',2,'system:role:disable','','','',1,'','2021-05-23 11:20:04','2021-05-23 11:20:04',5),('1396425826536554497','1395199215187382273','菜单添加','',2,'system:menu:add','','','',1,'','2021-05-23 11:20:36','2021-05-23 11:20:36',1),('1396425911802560514','1395199215187382273','菜单修改','',2,'system:menu:update','','','',1,'','2021-05-23 11:20:56','2021-05-23 11:20:56',2),('1396426008544182274','1395199215187382273','菜单删除','',2,'system:menu:delete','','','',1,'','2021-05-23 11:21:19','2021-05-23 11:21:19',3),('1396426500695425026','1395336588046958594','教师添加','',2,'system:teacher:add','','','',1,'','2021-05-23 11:23:17','2021-05-23 11:23:17',1),('1396426608606478337','1395336588046958594','教师修改','',2,'system:teacher:update','','','',1,'','2021-05-23 11:23:43','2021-05-23 11:23:43',2),('1396426684967976962','1395336588046958594','教师删除','',2,'system:teacher:delete','','','',1,'','2021-05-23 11:24:01','2021-05-23 11:24:01',3),('1396426781202087938','1395336588046958594','分配角色','',2,'system:teacher:distribute','','','',1,'','2021-05-23 11:24:24','2021-05-23 11:24:24',4),('1396426942712152065','1395336588046958594','教师禁用','',2,'system:teacher:disable','','','',1,'','2021-05-23 11:25:02','2021-05-23 11:25:02',5),('1396427218923847681','1395200495381237761','学生添加','',2,'system:student:add','','','',1,'','2021-05-23 11:26:08','2021-05-23 11:26:18',1),('1396427365183422465','1395200495381237761','学生修改','',2,'system:student:update','','','',1,'','2021-05-23 11:26:43','2021-05-23 11:26:43',2),('1396427495022297089','1395200495381237761','学生删除','',2,'system:student:delete','','','',1,'','2021-05-23 11:27:14','2021-05-23 11:27:14',3),('1396427598546108417','1395200495381237761','学生禁用','',2,'system:student:disable','','','',1,'','2021-05-23 11:27:39','2021-05-23 11:27:39',4),('1396427905657241601','1395338865684054017','管理员添加','',2,'system:admin:add','','','',1,'','2021-05-23 11:28:52','2021-05-23 11:29:52',1),('1396428045088489474','1395338865684054017','管理员修改','',2,'system:admin:edit','','','',1,'','2021-05-23 11:29:25','2021-05-23 11:29:25',2),('1396428293223514114','1395338865684054017','管理员删除','',2,'system:admin:delete','','','',1,'','2021-05-23 11:30:24','2021-05-23 11:30:24',3),('1396428391793852418','1395338865684054017','管理员禁用','',2,'system:admin:disable','','','',1,'','2021-05-23 11:30:48','2021-05-23 11:30:48',4),('1396428494134870017','1395338865684054017','分配角色','',2,'system:admin:distribute','','','',1,'','2021-05-23 11:31:12','2021-05-23 11:31:12',5);

/*Table structure for table `msp_role` */

DROP TABLE IF EXISTS `msp_role`;

CREATE TABLE `msp_role` (
  `id` char(19) NOT NULL DEFAULT '' COMMENT '角色id',
  `role_name` varchar(20) NOT NULL DEFAULT '' COMMENT '角色名称',
  `remark` varchar(255) DEFAULT NULL COMMENT '备注',
  `sort` int(11) DEFAULT NULL,
  `status` tinyint(4) DEFAULT NULL,
  `is_deleted` tinyint(1) unsigned NOT NULL DEFAULT '0' COMMENT '逻辑删除 1（true）已删除， 0（false）未删除',
  `gmt_create` datetime NOT NULL COMMENT '创建时间',
  `gmt_modified` datetime NOT NULL COMMENT '更新时间',
  PRIMARY KEY (`id`)
) ENGINE=InnoDB DEFAULT CHARSET=utf8 COMMENT='角色信息表';

/*Data for the table `msp_role` */

insert  into `msp_role`(`id`,`role_name`,`remark`,`sort`,`status`,`is_deleted`,`gmt_create`,`gmt_modified`) values ('1393763491195981825','admin','超级管理员',0,1,0,'2021-05-16 03:01:26','2021-05-16 03:01:26'),('1393763626206433281','test','测试',5,1,1,'2021-05-16 03:01:58','2021-05-16 03:01:58'),('1393842814070300674','demo','demo',2,1,1,'2021-05-16 08:16:38','2021-05-16 08:16:38'),('1393842969225994242','cs','cssss',6,1,1,'2021-05-16 08:17:15','2021-05-16 08:17:15'),('1393844509714161666','de','dede',5,0,1,'2021-05-16 08:23:22','2021-05-16 08:23:22'),('1393846310597304321','111','11232',7,1,1,'2021-05-16 08:30:32','2021-05-16 08:30:32'),('1393900485892943873','教师','教师角色',1,1,0,'2021-05-16 12:05:48','2021-05-16 12:05:48'),('1394232259835600897','','',0,1,1,'2021-05-17 10:04:09','2021-05-17 10:04:09'),('1394233926756868097','','',0,1,1,'2021-05-17 10:10:46','2021-05-17 10:10:46'),('1396299700862480385','测试','测试角色',2,1,0,'2021-05-23 02:59:25','2021-05-23 02:59:25');

/*Table structure for table `msp_role_menu` */

DROP TABLE IF EXISTS `msp_role_menu`;

CREATE TABLE `msp_role_menu` (
  `id` char(19) NOT NULL DEFAULT '',
  `role_id` char(19) NOT NULL DEFAULT '',
  `menu_id` char(19) NOT NULL DEFAULT '',
  `gmt_create` datetime NOT NULL COMMENT '创建时间',
  `gmt_modified` datetime NOT NULL COMMENT '更新时间',
  PRIMARY KEY (`id`),
  KEY `idx_role_id` (`role_id`),
  KEY `idx_menu_id` (`menu_id`)
) ENGINE=InnoDB DEFAULT CHARSET=utf8 COMMENT='角色权限表';

/*Data for the table `msp_role_menu` */

insert  into `msp_role_menu`(`id`,`role_id`,`menu_id`,`gmt_create`,`gmt_modified`) values ('1396390249435041793','1393763491195981825','1395198727612125186','2021-05-23 08:59:14','2021-05-23 08:59:14'),('1396390250001272833','1393763491195981825','1395198931514019842','2021-05-23 08:59:14','2021-05-23 08:59:14'),('1396390250064187394','1393763491195981825','1395199215187382273','2021-05-23 08:59:14','2021-05-23 08:59:14'),('1396390250198405121','1393763491195981825','1395200278971928578','2021-05-23 08:59:14','2021-05-23 08:59:14'),('1396390250332622849','1393763491195981825','1395336588046958594','2021-05-23 08:59:14','2021-05-23 08:59:14'),('1396390250399731714','1393763491195981825','1395200495381237761','2021-05-23 08:59:14','2021-05-23 08:59:14'),('1396390250466840578','1393763491195981825','1395338865684054017','2021-05-23 08:59:14','2021-05-23 08:59:14'),('1396390250533949441','1393763491195981825','1395339229804167169','2021-05-23 08:59:14','2021-05-23 08:59:14'),('1396390250651389954','1393763491195981825','1395343959225831425','2021-05-23 08:59:14','2021-05-23 08:59:14'),('1396390250718498817','1393763491195981825','1395344138192588801','2021-05-23 08:59:14','2021-05-23 08:59:14'),('1396390250718498818','1393763491195981825','1395344782735478785','2021-05-23 08:59:14','2021-05-23 08:59:14'),('1396390250848522241','1393763491195981825','1395346073599643649','2021-05-23 08:59:14','2021-05-23 08:59:14'),('1396390250848522242','1393763491195981825','1395346366483697665','2021-05-23 08:59:14','2021-05-23 08:59:14'),('1396390250978545666','1393763491195981825','1395372433692987394','2021-05-23 08:59:14','2021-05-23 08:59:14'),('1396390250978545667','1393763491195981825','1395372598801764353','2021-05-23 08:59:14','2021-05-23 08:59:14'),('1396390251104374785','1393763491195981825','1395372721527099393','2021-05-23 08:59:14','2021-05-23 08:59:14'),('1396390251171483650','1393763491195981825','1395373218287882241','2021-05-23 08:59:14','2021-05-23 08:59:14'),('1396390251301507073','1393763491195981825','1395373366229372930','2021-05-23 08:59:14','2021-05-23 08:59:14'),('1396390251368615938','1393763491195981825','1395373496978411521','2021-05-23 08:59:14','2021-05-23 08:59:14'),('1396390251435724802','1393763491195981825','1395373666927415297','2021-05-23 08:59:14','2021-05-23 08:59:14'),('1396390251502833666','1393763491195981825','1395373842379345922','2021-05-23 08:59:14','2021-05-23 08:59:14'),('1396390251502833667','1393763491195981825','1395374210840563714','2021-05-23 08:59:14','2021-05-23 08:59:14'),('1396390251632857089','1393763491195981825','1395374379770351617','2021-05-23 08:59:14','2021-05-23 08:59:14'),('1396390251632857090','1393763491195981825','1395374679084273665','2021-05-23 08:59:14','2021-05-23 08:59:14'),('1396390251762880514','1393763491195981825','1395374824102334465','2021-05-23 08:59:14','2021-05-23 08:59:14'),('1396390251829989377','1393763491195981825','1395374945825230849','2021-05-23 08:59:14','2021-05-23 08:59:14'),('1396390251897098241','1393763491195981825','1395375204798337025','2021-05-23 08:59:14','2021-05-23 08:59:14'),('1396390252022927361','1393763491195981825','1395375583095197697','2021-05-23 08:59:14','2021-05-23 08:59:14'),('1396390252090036226','1393763491195981825','1395375691635396610','2021-05-23 08:59:14','2021-05-23 08:59:14'),('1396390252157145089','1393763491195981825','1395376026617679873','2021-05-23 08:59:14','2021-05-23 08:59:14'),('1396390252157145090','1393763491195981825','1395376269002313730','2021-05-23 08:59:14','2021-05-23 08:59:14'),('1396390252287168514','1393763491195981825','1395376397687754754','2021-05-23 08:59:14','2021-05-23 08:59:14'),('1396390252354277377','1393763491195981825','1395376637144764417','2021-05-23 08:59:14','2021-05-23 08:59:14'),('1396390252421386242','1393763491195981825','1395376813481693185','2021-05-23 08:59:15','2021-05-23 08:59:15'),('1396390252484300801','1393763491195981825','1395376931924643841','2021-05-23 08:59:15','2021-05-23 08:59:15'),('1396390252547215362','1393763491195981825','1395377249609617410','2021-05-23 08:59:15','2021-05-23 08:59:15'),('1396390252605935617','1393763491195981825','1395377449912799233','2021-05-23 08:59:15','2021-05-23 08:59:15'),('1396390252735959041','1393763491195981825','1395377589457293314','2021-05-23 08:59:15','2021-05-23 08:59:15'),('1396395325423669249','1393900485892943873','1395339229804167169','2021-05-23 09:19:24','2021-05-23 09:19:24'),('1396395326870704130','1393900485892943873','1395343959225831425','2021-05-23 09:19:24','2021-05-23 09:19:24'),('1396395327004921857','1393900485892943873','1395344138192588801','2021-05-23 09:19:24','2021-05-23 09:19:24'),('1396395327072030721','1393900485892943873','1395344782735478785','2021-05-23 09:19:24','2021-05-23 09:19:24'),('1396395327160111105','1393900485892943873','1395346073599643649','2021-05-23 09:19:24','2021-05-23 09:19:24'),('1396395327302717442','1393900485892943873','1395346366483697665','2021-05-23 09:19:24','2021-05-23 09:19:24'),('1396395327302717443','1393900485892943873','1395372433692987394','2021-05-23 09:19:24','2021-05-23 09:19:24'),('1396395327520821249','1393900485892943873','1395372598801764353','2021-05-23 09:19:25','2021-05-23 09:19:25'),('1396395327655038977','1393900485892943873','1395372721527099393','2021-05-23 09:19:25','2021-05-23 09:19:25'),('1396395327722147841','1393900485892943873','1395373218287882241','2021-05-23 09:19:25','2021-05-23 09:19:25'),('1396395327785062402','1393900485892943873','1395373366229372930','2021-05-23 09:19:25','2021-05-23 09:19:25'),('1396395327852171265','1393900485892943873','1395373496978411521','2021-05-23 09:19:25','2021-05-23 09:19:25'),('1396395327931863042','1393900485892943873','1395373666927415297','2021-05-23 09:19:25','2021-05-23 09:19:25'),('1396395327931863043','1393900485892943873','1395373842379345922','2021-05-23 09:19:25','2021-05-23 09:19:25'),('1396395328053497857','1393900485892943873','1395374210840563714','2021-05-23 09:19:25','2021-05-23 09:19:25'),('1396395328179326977','1393900485892943873','1395374379770351617','2021-05-23 09:19:25','2021-05-23 09:19:25'),('1396395328246435841','1393900485892943873','1395374679084273665','2021-05-23 09:19:25','2021-05-23 09:19:25'),('1396395328313544706','1393900485892943873','1395374824102334465','2021-05-23 09:19:25','2021-05-23 09:19:25'),('1396395328313544707','1393900485892943873','1395374945825230849','2021-05-23 09:19:25','2021-05-23 09:19:25'),('1396395328443568129','1393900485892943873','1395375204798337025','2021-05-23 09:19:25','2021-05-23 09:19:25'),('1396395328510676994','1393900485892943873','1395375583095197697','2021-05-23 09:19:25','2021-05-23 09:19:25'),('1396395328573591553','1393900485892943873','1395375691635396610','2021-05-23 09:19:25','2021-05-23 09:19:25'),('1396395328640700418','1393900485892943873','1395376026617679873','2021-05-23 09:19:25','2021-05-23 09:19:25'),('1396395328640700419','1393900485892943873','1395376269002313730','2021-05-23 09:19:25','2021-05-23 09:19:25'),('1396395328762335233','1393900485892943873','1395376397687754754','2021-05-23 09:19:25','2021-05-23 09:19:25'),('1396395328837832705','1393900485892943873','1395376637144764417','2021-05-23 09:19:25','2021-05-23 09:19:25'),('1396395328967856129','1393900485892943873','1395376813481693185','2021-05-23 09:19:25','2021-05-23 09:19:25'),('1396395329030770689','1393900485892943873','1395376931924643841','2021-05-23 09:19:25','2021-05-23 09:19:25'),('1396395329102073857','1393900485892943873','1395377249609617410','2021-05-23 09:19:25','2021-05-23 09:19:25'),('1396395329102073858','1393900485892943873','1395377449912799233','2021-05-23 09:19:25','2021-05-23 09:19:25'),('1396395329232097281','1393900485892943873','1395377589457293314','2021-05-23 09:19:25','2021-05-23 09:19:25'),('1396788695786651649','1396299700862480385','1395377249609617410','2021-05-24 11:22:31','2021-05-24 11:22:31'),('1396788696306745345','1396299700862480385','1395377449912799233','2021-05-24 11:22:31','2021-05-24 11:22:31'),('1396788696373854209','1396299700862480385','1395377589457293314','2021-05-24 11:22:31','2021-05-24 11:22:31');

/*Table structure for table `msp_user` */

DROP TABLE IF EXISTS `msp_user`;

CREATE TABLE `msp_user` (
  `id` char(19) NOT NULL COMMENT 'id',
  `username` varchar(255) NOT NULL DEFAULT '' COMMENT '用户名',
  `password` varchar(100) NOT NULL DEFAULT '' COMMENT '密码',
  `nick_name` varchar(50) DEFAULT NULL COMMENT '昵称',
  `real_name` varchar(50) DEFAULT NULL COMMENT '真实姓名',
  `sno` varchar(50) DEFAULT NULL COMMENT '学生学号',
  `sex` tinyint(3) DEFAULT NULL COMMENT '性别 1.男 2.女',
  `birth_day` datetime DEFAULT NULL COMMENT '生日',
  `phone` varchar(50) DEFAULT NULL COMMENT '电话',
  `status` tinyint(4) DEFAULT NULL COMMENT '状态(0:禁止,1:正常)',
  `avatar` varchar(255) DEFAULT NULL COMMENT '头像地址',
  `user_type` tinyint(4) NOT NULL DEFAULT '1' COMMENT '用户类型',
  `user_level` int(11) DEFAULT NULL COMMENT '学生年级(1-16)',
  `wx_open_id` varchar(255) DEFAULT NULL COMMENT '微信openId',
  `is_deleted` tinyint(1) unsigned NOT NULL DEFAULT '0' COMMENT '逻辑删除 1（true）已删除， 0（false）未删除',
  `gmt_create` datetime NOT NULL COMMENT '创建时间',
  `gmt_modified` datetime NOT NULL COMMENT '更新时间',
  `age` int(11) DEFAULT NULL COMMENT '年龄',
  PRIMARY KEY (`id`)
) ENGINE=InnoDB DEFAULT CHARSET=utf8mb4 COMMENT='用户表';

/*Data for the table `msp_user` */

insert  into `msp_user`(`id`,`username`,`password`,`nick_name`,`real_name`,`sno`,`sex`,`birth_day`,`phone`,`status`,`avatar`,`user_type`,`user_level`,`wx_open_id`,`is_deleted`,`gmt_create`,`gmt_modified`,`age`) values ('1391740932568969217','admin','$2a$10$PlwxKqBIKtPehxx8XU.c.e3jor8DipR1Zvrz11EBYvxDPdczE2Sd.',NULL,'罗炜杰','',1,'2000-08-29 00:00:00','13850801092',1,'https://www.lwjppz.cn/upload/2021/02/1410480970-3c4c82dd0212492b90219e38ae50fd91.jpeg',3,0,NULL,0,'2021-05-10 13:04:30','2021-05-10 13:22:42',20),('1396027604341137409','lwjppz','$2a$10$zo9Lfsq/nVW6vZq9zchH6eo.Qj3bYoPHBA6pZWKMwAnkZ2nMsO8qe',NULL,'罗炜杰','20180861215',1,'2000-08-28 16:00:00','13850801092',1,NULL,1,15,NULL,0,'2021-05-22 08:58:12','2021-05-22 11:41:44',21),('1396079748037541889','teacher','$2a$10$thhSF4nIpG6cUEJdENinD.Uqe2D3pg5dudYojjGYS/62RJmG3aiYO',NULL,'lwj',NULL,1,'1990-05-08 16:00:00','13850801092',1,NULL,2,NULL,NULL,0,'2021-05-22 12:25:25','2021-05-22 12:25:25',30),('1396080071112196098','tea','$2a$10$VwbTn7N1PedN9.LtOzg0DerdCoEGAa9DJ47W2A0i8gH7qLW9y/MQG',NULL,'jwl',NULL,1,'2021-05-24 16:00:00','13333333333',1,NULL,2,NULL,NULL,0,'2021-05-22 12:26:42','2021-05-22 12:26:42',22),('1396788983956307969','demo','$2a$10$ykmgE6/Ol.gZHACms3xAg.Crrc5wK91x9TdfMAEXe6lvlHDhHtszW',NULL,'测试用户',NULL,2,NULL,NULL,1,NULL,3,NULL,NULL,0,'2021-05-24 11:23:40','2021-05-25 07:40:58',NULL);

/*Table structure for table `msp_user_role` */

DROP TABLE IF EXISTS `msp_user_role`;

CREATE TABLE `msp_user_role` (
  `id` char(19) NOT NULL DEFAULT '' COMMENT '主键id',
  `role_id` char(19) NOT NULL DEFAULT '0' COMMENT '角色id',
  `user_id` char(19) NOT NULL DEFAULT '0' COMMENT '用户id',
  `gmt_create` datetime NOT NULL COMMENT '创建时间',
  `gmt_modified` datetime NOT NULL COMMENT '更新时间',
  PRIMARY KEY (`id`),
  KEY `idx_role_id` (`role_id`),
  KEY `idx_user_id` (`user_id`)
) ENGINE=InnoDB DEFAULT CHARSET=utf8 COMMENT='用户角色表';

/*Data for the table `msp_user_role` */

insert  into `msp_user_role`(`id`,`role_id`,`user_id`,`gmt_create`,`gmt_modified`) values ('1396359019167543298','1393763491195981825','1391740932568969217','2021-05-23 06:55:08','2021-05-23 06:55:08'),('1396360024852590593','1393900485892943873','1396079748037541889','2021-05-23 06:59:08','2021-05-23 06:59:08'),('1396789008325214210','1396299700862480385','1396788983956307969','2021-05-24 11:23:45','2021-05-24 11:23:45');

/*!40101 SET SQL_MODE=@OLD_SQL_MODE */;
/*!40014 SET FOREIGN_KEY_CHECKS=@OLD_FOREIGN_KEY_CHECKS */;
/*!40014 SET UNIQUE_CHECKS=@OLD_UNIQUE_CHECKS */;
/*!40111 SET SQL_NOTES=@OLD_SQL_NOTES */;
