/*
SQLyog Ultimate v12.09 (64 bit)
MySQL - 5.7.25 : Database - mindstorm-permission
*********************************************************************
*/

/*!40101 SET NAMES utf8 */;

/*!40101 SET SQL_MODE=''*/;

/*!40014 SET @OLD_UNIQUE_CHECKS=@@UNIQUE_CHECKS, UNIQUE_CHECKS=0 */;
/*!40014 SET @OLD_FOREIGN_KEY_CHECKS=@@FOREIGN_KEY_CHECKS, FOREIGN_KEY_CHECKS=0 */;
/*!40101 SET @OLD_SQL_MODE=@@SQL_MODE, SQL_MODE='NO_AUTO_VALUE_ON_ZERO' */;
/*!40111 SET @OLD_SQL_NOTES=@@SQL_NOTES, SQL_NOTES=0 */;
CREATE DATABASE /*!32312 IF NOT EXISTS*/`mindstorm-permission` /*!40100 DEFAULT CHARACTER SET utf8mb4 */;

USE `mindstorm-permission`;

/*Table structure for table `msp_menu` */

DROP TABLE IF EXISTS `msp_menu`;

CREATE TABLE `msp_menu` (
  `id` char(19) NOT NULL DEFAULT '' COMMENT '编号',
  `pid` char(19) NOT NULL DEFAULT '' COMMENT '所属上级',
  `name` varchar(20) NOT NULL DEFAULT '' COMMENT '名称',
  `alias` varchar(50) DEFAULT NULL COMMENT '菜单别名',
  `type` tinyint(4) NOT NULL COMMENT '类型(0:目录,1:菜单,2:按钮)',
  `permission_value` varchar(50) DEFAULT NULL COMMENT '权限标识',
  `path` varchar(100) DEFAULT NULL COMMENT '访问路径',
  `redirect` varchar(50) DEFAULT NULL COMMENT '重定向地址',
  `icon` varchar(50) DEFAULT NULL COMMENT '图标',
  `status` tinyint(4) DEFAULT NULL COMMENT '状态(0:禁止,1:正常)',
  `sort` int(11) DEFAULT NULL COMMENT '排序',
  `component` varchar(100) DEFAULT NULL COMMENT '组件路径',
  `gmt_create` datetime NOT NULL COMMENT '创建时间',
  `gmt_modified` datetime NOT NULL COMMENT '更新时间',
  PRIMARY KEY (`id`),
  KEY `idx_pid` (`pid`)
) ENGINE=InnoDB DEFAULT CHARSET=utf8mb4 COMMENT='菜单表';

/*Data for the table `msp_menu` */

insert  into `msp_menu`(`id`,`pid`,`name`,`alias`,`type`,`permission_value`,`path`,`redirect`,`icon`,`status`,`sort`,`component`,`gmt_create`,`gmt_modified`) values ('1395198727612125186','','权限管理','Permissions',0,'','/permission','/permission/roles','lock',1,1,'Layout','2021-05-20 02:04:33','2021-05-24 10:03:58'),('1395198931514019842','1395198727612125186','角色管理','RoleList',1,'permission:role:list','/permission/role/list','','',1,0,'permission/role/index','2021-05-20 02:05:21','2021-05-27 07:45:56'),('1395199215187382273','1395198727612125186','菜单管理','MenuList',1,'permission:menu:list','/permission/menu/list','','',1,1,'permission/menu/index','2021-05-20 02:06:29','2021-05-27 07:46:37'),('1396424936618491906','1395198931514019842','角色添加','',2,'permission:role:add','','','',1,1,'','2021-05-23 11:17:04','2021-05-27 07:46:02'),('1396425046786080769','1395198931514019842','角色删除','',2,'permission:role:delete','','','',1,2,'','2021-05-23 11:17:30','2021-05-27 07:46:06'),('1396425291972509698','1395198931514019842','角色修改','',2,'permission:role:update','','','',1,3,'','2021-05-23 11:18:29','2021-05-27 07:46:11'),('1396425381437014018','1395198931514019842','分配菜单','',2,'permission:role:distribute','','','',1,4,'','2021-05-23 11:18:50','2021-05-27 07:46:17'),('1396425692906029058','1395198931514019842','角色状态修改','',2,'permission:role:status','','','',1,5,'','2021-05-23 11:20:04','2021-05-27 07:46:23'),('1396425826536554497','1395199215187382273','菜单添加','',2,'permission:menu:add','','','',1,1,'','2021-05-23 11:20:36','2021-05-27 07:46:41'),('1396425911802560514','1395199215187382273','菜单修改','',2,'permission:menu:update','','','',1,2,'','2021-05-23 11:20:56','2021-05-27 07:46:45'),('1396426008544182274','1395199215187382273','菜单删除','',2,'permission:menu:delete','','','',1,3,'','2021-05-23 11:21:19','2021-05-27 07:46:49'),('1397459937418063874','1395199215187382273','菜单查询','',2,'permission:menu:query',NULL,'','',1,4,'','2021-05-26 07:49:47','2021-05-27 07:46:52'),('1397460745765302273','1395198931514019842','角色查询','',2,'permission:role:query','','','',1,6,'','2021-05-26 07:53:00','2021-05-27 07:46:29'),('1401706908295106562','1395198727612125186','用户管理','Users',1,'permission:user:list','/user/list','','',1,3,'permission/user/index','2021-06-07 01:05:44','2021-06-07 01:05:44'),('1401709999199379458','1401706908295106562','用户查询','',2,'permission:user:query','','','',1,1,'','2021-06-07 01:18:01','2021-06-07 01:18:01'),('1401710194104492033','1401706908295106562','用户新增','',2,'permission:user:add','','','',1,2,'','2021-06-07 01:18:47','2021-06-07 01:18:47'),('1401710280725258241','1401706908295106562','用户修改','',2,'permission:user:update','','','',1,3,'','2021-06-07 01:19:08','2021-06-07 01:19:08'),('1401710364561006593','1401706908295106562','用户删除','',2,'permission:user:delete','','','',1,4,'','2021-06-07 01:19:28','2021-06-07 01:19:28'),('1401710461017415682','1401706908295106562','用户分配角色','',2,'permission:user:distribute','','','',1,5,'','2021-06-07 01:19:51','2021-06-07 01:19:51'),('1401710857546915841','1401706908295106562','用户状态修改','',2,'permission:user:status','','','',1,6,'','2021-06-07 01:21:26','2021-06-07 01:21:26'),('1405075767995686914','','教学管理','Education',0,'','/education','','education',1,2,'Layout','2021-06-16 08:12:23','2021-06-17 14:07:05'),('1405078478266851329','1405075767995686914','院系管理','Academy',1,'education:academy:list','/education/academy','','',1,1,'education/academy/index','2021-06-16 08:23:09','2021-06-16 08:26:57'),('1405080066360369154','1405075767995686914','专业管理','Profession',1,'education:profession:list','/education/profession','','',1,2,'education/profession/index','2021-06-16 08:29:28','2021-06-16 08:29:28'),('1405085746177794050','1405078478266851329','院系查询','',2,'education:academy:query','','','',1,1,'','2021-06-16 08:52:02','2021-06-16 08:52:02');

/*Table structure for table `msp_role` */

DROP TABLE IF EXISTS `msp_role`;

CREATE TABLE `msp_role` (
  `id` char(19) NOT NULL DEFAULT '' COMMENT '角色id',
  `role_name` varchar(20) NOT NULL DEFAULT '' COMMENT '角色名称',
  `remark` varchar(255) DEFAULT NULL COMMENT '备注',
  `sort` int(11) DEFAULT NULL COMMENT '排序',
  `status` tinyint(4) DEFAULT NULL COMMENT '状态, 1 表示正常，0 表示已禁用',
  `is_deleted` tinyint(1) unsigned NOT NULL DEFAULT '0' COMMENT '逻辑删除 1（true）已删除， 0（false）未删除',
  `gmt_create` datetime NOT NULL COMMENT '创建时间',
  `gmt_modified` datetime NOT NULL COMMENT '更新时间',
  PRIMARY KEY (`id`)
) ENGINE=InnoDB DEFAULT CHARSET=utf8 COMMENT='角色信息表';

/*Data for the table `msp_role` */

insert  into `msp_role`(`id`,`role_name`,`remark`,`sort`,`status`,`is_deleted`,`gmt_create`,`gmt_modified`) values ('1393763491195981825','admin','超级管理员',0,1,0,'2021-05-16 03:01:26','2021-05-16 03:01:26'),('1406454366870994946','测试','cs',0,1,0,'2021-06-20 03:30:26','2021-06-20 03:30:26');

/*Table structure for table `msp_role_menu` */

DROP TABLE IF EXISTS `msp_role_menu`;

CREATE TABLE `msp_role_menu` (
  `id` char(19) NOT NULL DEFAULT '',
  `role_id` char(19) NOT NULL DEFAULT '' COMMENT '角色Id',
  `menu_id` char(19) NOT NULL DEFAULT '' COMMENT '菜单Id',
  `gmt_create` datetime NOT NULL COMMENT '创建时间',
  `gmt_modified` datetime NOT NULL COMMENT '更新时间',
  PRIMARY KEY (`id`),
  KEY `idx_role_id` (`role_id`),
  KEY `idx_menu_id` (`menu_id`)
) ENGINE=InnoDB DEFAULT CHARSET=utf8 COMMENT='角色权限表';

/*Data for the table `msp_role_menu` */

insert  into `msp_role_menu`(`id`,`role_id`,`menu_id`,`gmt_create`,`gmt_modified`) values ('1405085803996274690','1393763491195981825','1395198727612125186','2021-06-16 08:52:16','2021-06-16 08:52:16'),('1405085804667363330','1393763491195981825','1395198931514019842','2021-06-16 08:52:16','2021-06-16 08:52:16'),('1405085804927410177','1393763491195981825','1396424936618491906','2021-06-16 08:52:16','2021-06-16 08:52:16'),('1405085805267148801','1393763491195981825','1396425046786080769','2021-06-16 08:52:16','2021-06-16 08:52:16'),('1405085805334257666','1393763491195981825','1396425291972509698','2021-06-16 08:52:16','2021-06-16 08:52:16'),('1405085805661413377','1393763491195981825','1396425381437014018','2021-06-16 08:52:16','2021-06-16 08:52:16'),('1405085805728522242','1393763491195981825','1396425692906029058','2021-06-16 08:52:16','2021-06-16 08:52:16'),('1405085805791436802','1393763491195981825','1397460745765302273','2021-06-16 08:52:16','2021-06-16 08:52:16'),('1405085805854351361','1393763491195981825','1395199215187382273','2021-06-16 08:52:16','2021-06-16 08:52:16'),('1405085805921460226','1393763491195981825','1396425826536554497','2021-06-16 08:52:16','2021-06-16 08:52:16'),('1405085805988569089','1393763491195981825','1396425911802560514','2021-06-16 08:52:16','2021-06-16 08:52:16'),('1405085806215061506','1393763491195981825','1396426008544182274','2021-06-16 08:52:16','2021-06-16 08:52:16'),('1405085806475108354','1393763491195981825','1397459937418063874','2021-06-16 08:52:16','2021-06-16 08:52:16'),('1405085806613520386','1393763491195981825','1401706908295106562','2021-06-16 08:52:16','2021-06-16 08:52:16'),('1405085806877761538','1393763491195981825','1401709999199379458','2021-06-16 08:52:16','2021-06-16 08:52:16'),('1405085806949064706','1393763491195981825','1401710194104492033','2021-06-16 08:52:16','2021-06-16 08:52:16'),('1405085807079088129','1393763491195981825','1401710280725258241','2021-06-16 08:52:16','2021-06-16 08:52:16'),('1405085807146196993','1393763491195981825','1401710364561006593','2021-06-16 08:52:16','2021-06-16 08:52:16'),('1405085807406243842','1393763491195981825','1401710461017415682','2021-06-16 08:52:16','2021-06-16 08:52:16'),('1405085807473352705','1393763491195981825','1401710857546915841','2021-06-16 08:52:16','2021-06-16 08:52:16'),('1405085807800508418','1393763491195981825','1405075767995686914','2021-06-16 08:52:16','2021-06-16 08:52:16'),('1405085807863422977','1393763491195981825','1405078478266851329','2021-06-16 08:52:16','2021-06-16 08:52:16'),('1405085807993446402','1393763491195981825','1405085746177794050','2021-06-16 08:52:17','2021-06-16 08:52:17'),('1405085808060555265','1393763491195981825','1405080066360369154','2021-06-16 08:52:17','2021-06-16 08:52:17'),('1406454395790721026','1406454366870994946','1395198727612125186','2021-06-20 03:30:33','2021-06-20 03:30:33'),('1406454395962687489','1406454366870994946','1395198931514019842','2021-06-20 03:30:33','2021-06-20 03:30:33'),('1406454396088516609','1406454366870994946','1396424936618491906','2021-06-20 03:30:33','2021-06-20 03:30:33'),('1406454396088516610','1406454366870994946','1396425046786080769','2021-06-20 03:30:33','2021-06-20 03:30:33'),('1406454396218540033','1406454366870994946','1396425291972509698','2021-06-20 03:30:33','2021-06-20 03:30:33'),('1406454396486975489','1406454366870994946','1396425381437014018','2021-06-20 03:30:33','2021-06-20 03:30:33'),('1406454396621193217','1406454366870994946','1396425692906029058','2021-06-20 03:30:33','2021-06-20 03:30:33'),('1406454396751216642','1406454366870994946','1397460745765302273','2021-06-20 03:30:34','2021-06-20 03:30:34'),('1406454396818325506','1406454366870994946','1395199215187382273','2021-06-20 03:30:34','2021-06-20 03:30:34'),('1406454396885434369','1406454366870994946','1396425826536554497','2021-06-20 03:30:34','2021-06-20 03:30:34'),('1406454396952543233','1406454366870994946','1396425911802560514','2021-06-20 03:30:34','2021-06-20 03:30:34'),('1406454397082566657','1406454366870994946','1396426008544182274','2021-06-20 03:30:34','2021-06-20 03:30:34'),('1406454397149675522','1406454366870994946','1397459937418063874','2021-06-20 03:30:34','2021-06-20 03:30:34'),('1406454397212590082','1406454366870994946','1401706908295106562','2021-06-20 03:30:34','2021-06-20 03:30:34'),('1406454397279698945','1406454366870994946','1401709999199379458','2021-06-20 03:30:34','2021-06-20 03:30:34'),('1406454397342613505','1406454366870994946','1401710194104492033','2021-06-20 03:30:34','2021-06-20 03:30:34'),('1406454397409722369','1406454366870994946','1401710280725258241','2021-06-20 03:30:34','2021-06-20 03:30:34'),('1406454397472636930','1406454366870994946','1401710364561006593','2021-06-20 03:30:34','2021-06-20 03:30:34'),('1406454397543940097','1406454366870994946','1401710461017415682','2021-06-20 03:30:34','2021-06-20 03:30:34'),('1406454397611048962','1406454366870994946','1401710857546915841','2021-06-20 03:30:34','2021-06-20 03:30:34');

/*Table structure for table `msp_user` */

DROP TABLE IF EXISTS `msp_user`;

CREATE TABLE `msp_user` (
  `id` char(19) NOT NULL COMMENT '用户Id',
  `username` varchar(255) NOT NULL DEFAULT '' COMMENT '用户名',
  `password` varchar(100) NOT NULL DEFAULT '' COMMENT '密码',
  `nick_name` varchar(50) DEFAULT NULL COMMENT '昵称',
  `real_name` varchar(50) DEFAULT NULL COMMENT '真实姓名',
  `sno` varchar(50) DEFAULT NULL COMMENT '学生学号',
  `age` int(11) DEFAULT NULL COMMENT '年龄',
  `sex` tinyint(3) DEFAULT NULL COMMENT '性别 1.男 2.女',
  `birth_day` datetime DEFAULT NULL COMMENT '生日',
  `phone` varchar(50) DEFAULT NULL COMMENT '电话',
  `email` varchar(30) DEFAULT NULL COMMENT '邮箱',
  `status` tinyint(4) DEFAULT NULL COMMENT '状态(0:禁止,1:正常)',
  `avatar` varchar(255) DEFAULT NULL COMMENT '头像地址',
  `wx_open_id` varchar(255) DEFAULT NULL COMMENT '微信openId',
  `is_deleted` tinyint(1) unsigned NOT NULL DEFAULT '0' COMMENT '逻辑删除 1（true）已删除， 0（false）未删除',
  `gmt_create` datetime NOT NULL COMMENT '创建时间',
  `gmt_modified` datetime NOT NULL COMMENT '更新时间',
  PRIMARY KEY (`id`)
) ENGINE=InnoDB DEFAULT CHARSET=utf8mb4 COMMENT='用户表';

/*Data for the table `msp_user` */

insert  into `msp_user`(`id`,`username`,`password`,`nick_name`,`real_name`,`sno`,`age`,`sex`,`birth_day`,`phone`,`email`,`status`,`avatar`,`wx_open_id`,`is_deleted`,`gmt_create`,`gmt_modified`) values ('1391740932568969217','admin','$2a$10$j7LC9sLMaOJ2pkP1at4uq.963fVUVf5UnXdfkVFFoRqHmQi1Maqae',NULL,'罗炜杰','',20,1,'2000-08-28 16:00:00','13850801092','lwjppz@gmail.com',1,'https://www.lwjppz.cn/upload/2021/02/1410480970-3c4c82dd0212492b90219e38ae50fd91.jpeg',NULL,0,'2021-05-10 13:04:30','2021-06-02 08:36:14'),('1406454464963182593','cs','$2a$10$NCoYtR..jXjG59wwzsgxwOVDw2j/pjXfUvmjWnOgQmEB9cTZvINRa',NULL,'cs',NULL,0,1,NULL,'','',1,NULL,NULL,0,'2021-06-20 03:30:50','2021-06-20 03:30:50');

/*Table structure for table `msp_user_role` */

DROP TABLE IF EXISTS `msp_user_role`;

CREATE TABLE `msp_user_role` (
  `id` char(19) NOT NULL DEFAULT '' COMMENT '主键id',
  `role_id` char(19) NOT NULL DEFAULT '0' COMMENT '角色id',
  `user_id` char(19) NOT NULL DEFAULT '0' COMMENT '用户id',
  `gmt_create` datetime NOT NULL COMMENT '创建时间',
  `gmt_modified` datetime NOT NULL COMMENT '更新时间',
  PRIMARY KEY (`id`),
  KEY `idx_role_id` (`role_id`),
  KEY `idx_user_id` (`user_id`)
) ENGINE=InnoDB DEFAULT CHARSET=utf8 COMMENT='用户角色表';

/*Data for the table `msp_user_role` */

insert  into `msp_user_role`(`id`,`role_id`,`user_id`,`gmt_create`,`gmt_modified`) values ('1396359019167543298','1393763491195981825','1391740932568969217','2021-05-23 06:55:08','2021-05-23 06:55:08'),('1406454491190165505','1406454366870994946','1406454464963182593','2021-06-20 03:30:56','2021-06-20 03:30:56');

/*!40101 SET SQL_MODE=@OLD_SQL_MODE */;
/*!40014 SET FOREIGN_KEY_CHECKS=@OLD_FOREIGN_KEY_CHECKS */;
/*!40014 SET UNIQUE_CHECKS=@OLD_UNIQUE_CHECKS */;
/*!40111 SET SQL_NOTES=@OLD_SQL_NOTES */;
